,employeeID,employeeFirstName,employeeLastName,BuildingName,WorkType,StartTime,EndTime
0,3,Albert,Sugianto,No Bos Condo,frontdesk,2019-10-14 17:01:20,2019-10-14 17:01:28.644782
1,3,Albert,Sugianto,Lloyd,frontdesk,2019-10-15 10:18:53,2019-10-15 10:18:56.888281
2,3,Albert,Sugianto,Lloyd,frontdesk,2019-10-15 10:19:12,2019-10-15 10:19:17.567873
3,3,Albert,Sugianto,Fargo,frontdesk,2019-10-14 19:01:21,2019-10-14 19:02:32.235280
4,3,Albert,Sugianto,Jonquil,frontdesk,2019-10-15 14:15:58,2019-10-15 14:16:09.016217
5,3,Albert,Sugianto,Ministry Center,frontdesk,2019-10-14 15:51:29,2019-10-14 15:51:36.524218
6,2,Albert,Sugianto,Ministry Center,apartmentrehab,2019-10-14 12:05:57,2019-10-14 12:08:26.291340
7,2,Albert,Sugianto,Lloyd,maintainence,2019-10-15 15:26:22,9999-01-01 01:01:01
8,2,Albert,Sugianto,Phoenix 2,pestcontrol,2019-10-14 12:08:56,2019-10-14 12:09:37.698649
9,2,Albert,Sugianto,Fargo,maintainence,2019-10-14 16:47:09,9999-01-01 01:01:01
10,2,Albert,Sugianto,Ministry Center,maintainence,2019-10-14 17:03:43,2019-10-14 19:05:58.764226
11,2,Albert,Sugianto,Lloyd,apartmentrehab,2019-10-14 19:07:29,9999-01-01 01:01:01
12,2,Albert,Sugianto,Ministry Center,maintainence,2019-10-15 10:13:30,2019-10-15 14:09:58.671069
